delete from V2_P_DICTIONARY_DATA;
insert into VDMS.V2_P_DICTIONARY_DATA (CODE,TYPE, TERM) values ('SI', 'TH', 'Special Import');
insert into VDMS.V2_P_DICTIONARY_DATA (CODE,TYPE, TERM) values ('SE', 'TH', 'Special Export');

delete from VDMS.V2_P_CATEGORY;
-- Part category: TIPTOP
insert into VDMS.V2_P_CATEGORY (DEALER_CODE,TYPE, NAME) values ('NKP001A', 'P', 'Engine');
insert into VDMS.V2_P_CATEGORY (DEALER_CODE,TYPE, NAME) values ('NKP001A', 'P', 'Frame');
insert into VDMS.V2_P_CATEGORY (DEALER_CODE,TYPE, NAME) values ('NKP001A', 'P', 'Tire');
insert into VDMS.V2_P_CATEGORY (DEALER_CODE,TYPE, NAME) values ('NKP001A', 'P', 'Electric');
insert into VDMS.V2_P_CATEGORY (DEALER_CODE,TYPE, NAME) values ('NKP001A', 'P', '...');
/
-- Acc category
insert into VDMS.V2_P_CATEGORY (DEALER_CODE,TYPE, NAME) values ('NKP001A', 'A', 'AEngine');
insert into VDMS.V2_P_CATEGORY (DEALER_CODE,TYPE, NAME) values ('NKP001A', 'A', 'AFrame');
insert into VDMS.V2_P_CATEGORY (DEALER_CODE,TYPE, NAME) values ('NKP001A', 'A', 'ATire');
insert into VDMS.V2_P_CATEGORY (DEALER_CODE,TYPE, NAME) values ('NKP001A', 'A', 'AElectric');
insert into VDMS.V2_P_CATEGORY (DEALER_CODE,TYPE, NAME) values ('NKP001A', 'A', 'A...');
/


--warehouse
delete from VDMS.V2_P_PART_SAFETY where PART_CODE like 'A13-25-00%' and WAREHOUSE_ID in (select WAREHOUSE_ID from VDMS.V2_P_WAREHOUSE where DEALER_CODE='NKP001A');
delete from VDMS.V2_P_WAREHOUSE where DEALER_CODE='NKP001A';
insert into VDMS.V2_P_WAREHOUSE (DEALER_CODE, CODE, NAME) VALUES ('NKP001A','WNKP001A','Khai phat A');
insert into VDMS.V2_P_WAREHOUSE (DEALER_CODE, CODE, NAME) VALUES ('NKP001A','WNKP001C','Khai phat C');
insert into VDMS.V2_P_WAREHOUSE (DEALER_CODE, CODE, NAME) VALUES ('NKP001A','WNKP001B','Khai phat B');


-- part list
delete from VDMS.V2_P_PART_INFO where PART_CODE like 'A13-25-00%' and DEALER_CODE='NKP001A' and PRICE = 15000000;
delete from VDMS.V2_P_PART;

insert into VDMS.V2_P_PART (PART_CODE,ENGLISH_NAME,VIETNAM_NAME, MODEL, SPECIFICATION, TYPE, TIP_TOP_CATEGORY_CODE)  values ('A23-25-0023','氣門閥固定栓','氣門閥固定栓','VT-1','..........', 'A', '');
insert into VDMS.V2_P_PART_INFO (DEALER_CODE, CATEGORY_ID, PART_CODE, PRICE) values ('NKP001A', (select min(CATEGORY_ID) from V2_P_CATEGORY where DEALER_CODE='NKP001A' ), 'A23-25-0023', 15000000);
insert into VDMS.V2_P_PART_SAFETY (PART_CODE, SAFETY_QUANTITY, CURRENT_STOCK, WAREHOUSE_ID) values ('A23-25-0023', 123, 12, (select min(WAREHOUSE_ID) from VDMS.V2_P_WAREHOUSE where DEALER_CODE='NKP001A'));
insert into VDMS.V2_P_PART_SAFETY (PART_CODE, SAFETY_QUANTITY, CURRENT_STOCK, WAREHOUSE_ID) values ('A23-25-0023', 123, 122, (select max(WAREHOUSE_ID) from VDMS.V2_P_WAREHOUSE where DEALER_CODE='NKP001A'));

insert into VDMS.V2_P_PART (PART_CODE,ENGLISH_NAME,VIETNAM_NAME, MODEL, SPECIFICATION, TYPE, TIP_TOP_CATEGORY_CODE)  values ('A23-25-0024','氣固門閥定栓','氣門閥固定栓','VT-1','..........', 'A', '');
insert into VDMS.V2_P_PART_INFO (DEALER_CODE, CATEGORY_ID, PART_CODE, PRICE) values ('NKP001A', (select min(CATEGORY_ID) from V2_P_CATEGORY where DEALER_CODE='NKP001A'), 'A23-25-0024', 15000000);
insert into VDMS.V2_P_PART_SAFETY (PART_CODE, SAFETY_QUANTITY, CURRENT_STOCK, WAREHOUSE_ID) values ('A23-25-0024', 23, 222, (select min(WAREHOUSE_ID) from VDMS.V2_P_WAREHOUSE where DEALER_CODE='NKP001A'));
insert into VDMS.V2_P_PART_SAFETY (PART_CODE, SAFETY_QUANTITY, CURRENT_STOCK, WAREHOUSE_ID) values ('A23-25-0024', 23, 22, (select max(WAREHOUSE_ID) from VDMS.V2_P_WAREHOUSE where DEALER_CODE='NKP001A'));
insert into VDMS.V2_P_PART_SAFETY (PART_CODE, SAFETY_QUANTITY, CURRENT_STOCK, WAREHOUSE_ID) values ('A23-25-0024', 23, 22, (select max(WAREHOUSE_ID) from VDMS.V2_P_WAREHOUSE where DEALER_CODE='NKP001A')-1);

insert into VDMS.V2_P_PART (PART_CODE,ENGLISH_NAME,VIETNAM_NAME, MODEL, SPECIFICATION, TYPE, TIP_TOP_CATEGORY_CODE)  values ('A23-25-0053','氣門固定閥栓','氣門閥固定栓','VT-2','..........', 'A', '');
insert into VDMS.V2_P_PART_INFO (DEALER_CODE, CATEGORY_ID, PART_CODE, PRICE) values ('NKP001A', (select min(CATEGORY_ID) from V2_P_CATEGORY where DEALER_CODE='NKP001A'), 'A23-25-0053', 15000000);
insert into VDMS.V2_P_PART_SAFETY (PART_CODE, SAFETY_QUANTITY, CURRENT_STOCK, WAREHOUSE_ID) values ('A23-25-0053', 623, 12, (select min(WAREHOUSE_ID) from VDMS.V2_P_WAREHOUSE where DEALER_CODE='NKP001A'));
insert into VDMS.V2_P_PART_SAFETY (PART_CODE, SAFETY_QUANTITY, CURRENT_STOCK, WAREHOUSE_ID) values ('A23-25-0053', 623, 142, (select max(WAREHOUSE_ID) from VDMS.V2_P_WAREHOUSE where DEALER_CODE='NKP001A'));

insert into VDMS.V2_P_PART (PART_CODE,ENGLISH_NAME,VIETNAM_NAME, MODEL, SPECIFICATION, TYPE, TIP_TOP_CATEGORY_CODE)  values ('A23-25-0082','氣定栓門閥固','氣門閥固定栓','VT-3','..........', 'A', '');
insert into VDMS.V2_P_PART_INFO (DEALER_CODE, CATEGORY_ID, PART_CODE, PRICE) values ('NKP001A', (select min(CATEGORY_ID) from V2_P_CATEGORY where DEALER_CODE='NKP001A'), 'A23-25-0082', 15000000);
insert into VDMS.V2_P_PART_SAFETY (PART_CODE, SAFETY_QUANTITY, CURRENT_STOCK, WAREHOUSE_ID) values ('A23-25-0082', 133, 252, (select min(WAREHOUSE_ID) from VDMS.V2_P_WAREHOUSE where DEALER_CODE='NKP001A'));
insert into VDMS.V2_P_PART_SAFETY (PART_CODE, SAFETY_QUANTITY, CURRENT_STOCK, WAREHOUSE_ID) values ('A23-25-0082', 133, 52, (select max(WAREHOUSE_ID) from VDMS.V2_P_WAREHOUSE where DEALER_CODE='NKP001A'));
/


-- part sale
delete from VDMS.V2_P_SALES_DETAIL;
delete from VDMS.V2_P_SALES_HEADER;

insert into VDMS.V2_P_SALES_HEADER (DEALER_CODE, LAST_VERSION,SALES_DATE,STATUS,SALES_ORDER_NUMBER,
		SALES_PERSON,SUB_TOTAL,TAX_AMOUNT,DISCOUNT,MODIFIED_DATE) 
values ('NKP001A',1,to_date('01/01/2009','dd/mm/yyyy'),'N','HOA-4234-DS','admin', 123, 5, 1,to_date('01/01/2009','dd/mm/yyyy')) ;

insert into VDMS.V2_P_SALES_DETAIL (SALES_HEADER_ID,PART_CODE,REVISION_NUMBER,ORDER_QUANTITY,UNIT_PRICE,
    PERCENT_DISCOUNT,LINE_TOTAL,MODIFIED_DATE)
values((select max(SALES_HEADER_ID) from V2_P_SALES_HEADER),'A23-25-0023',1,3,12000,4,1,to_date('01/01/2009','dd/mm/yyyy'));

insert into VDMS.V2_P_SALES_DETAIL (SALES_HEADER_ID,PART_CODE,REVISION_NUMBER,ORDER_QUANTITY,UNIT_PRICE,
    PERCENT_DISCOUNT,LINE_TOTAL,MODIFIED_DATE)
values((select max(SALES_HEADER_ID) from V2_P_SALES_HEADER),'A23-25-0024',1,1,12000,4,2,to_date('01/01/2009','dd/mm/yyyy'));

insert into VDMS.V2_P_SALES_DETAIL (SALES_HEADER_ID,PART_CODE,REVISION_NUMBER,ORDER_QUANTITY,UNIT_PRICE,
    PERCENT_DISCOUNT,LINE_TOTAL,MODIFIED_DATE)
values((select max(SALES_HEADER_ID) from V2_P_SALES_HEADER),'A23-25-0053',1,2,12000,4,3,to_date('01/01/2009','dd/mm/yyyy'));

insert into VDMS.V2_P_SALES_DETAIL (SALES_HEADER_ID,PART_CODE,REVISION_NUMBER,ORDER_QUANTITY,UNIT_PRICE,
    PERCENT_DISCOUNT,LINE_TOTAL,MODIFIED_DATE)
values((select max(SALES_HEADER_ID) from V2_P_SALES_HEADER),'A23-25-0082',1,4,12000,4,5,to_date('01/01/2009','dd/mm/yyyy'));



insert into VDMS.V2_P_SALES_HEADER (DEALER_CODE, LAST_VERSION,SALES_DATE,STATUS,SALES_ORDER_NUMBER,
		SALES_PERSON,SUB_TOTAL,TAX_AMOUNT,DISCOUNT,MODIFIED_DATE) 
values ('NKP001A',1,to_date('01/01/2009','dd/mm/yyyy'),'N','HOA-4222-DS','admin', 123, 5, 1,to_date('01/01/2009','dd/mm/yyyy')) ;

insert into VDMS.V2_P_SALES_DETAIL (SALES_HEADER_ID,PART_CODE,REVISION_NUMBER,ORDER_QUANTITY,UNIT_PRICE,
    PERCENT_DISCOUNT,LINE_TOTAL,MODIFIED_DATE)
values((select max(SALES_HEADER_ID) from V2_P_SALES_HEADER),'A23-25-0023',1,3,2000,4,1,to_date('01/01/2009','dd/mm/yyyy'));

insert into VDMS.V2_P_SALES_DETAIL (SALES_HEADER_ID,PART_CODE,REVISION_NUMBER,ORDER_QUANTITY,UNIT_PRICE,
    PERCENT_DISCOUNT,LINE_TOTAL,MODIFIED_DATE)
values((select max(SALES_HEADER_ID) from V2_P_SALES_HEADER),'A23-25-0024',1,1,2000,4,2,to_date('01/01/2009','dd/mm/yyyy'));

insert into VDMS.V2_P_SALES_DETAIL (SALES_HEADER_ID,PART_CODE,REVISION_NUMBER,ORDER_QUANTITY,UNIT_PRICE,
    PERCENT_DISCOUNT,LINE_TOTAL,MODIFIED_DATE)
values((select max(SALES_HEADER_ID) from V2_P_SALES_HEADER),'A23-25-0053',1,2,2000,4,3,to_date('01/01/2009','dd/mm/yyyy'));

insert into VDMS.V2_P_SALES_DETAIL (SALES_HEADER_ID,PART_CODE,REVISION_NUMBER,ORDER_QUANTITY,UNIT_PRICE,
    PERCENT_DISCOUNT,LINE_TOTAL,MODIFIED_DATE)
values((select max(SALES_HEADER_ID) from V2_P_SALES_HEADER),'A23-25-0082',1,4,2000,4,5,to_date('01/01/2009','dd/mm/yyyy'));

-- order
insert into VDMS.V2_P_ORDER_HEADER (ORDER_TYPE,ORDER_SOURCE,DEALER_CODE,TO_DEALER,
	TO_LOCATION,ORDER_DATE,CAN_UNDO_AUTO_RECEIVE,CHANGE_REMARK,VDMS_NUMBER,STATUS, TIP_TOP_NUMBER)
values ('N','V','NKP001A','NKP001A', (select max(warehouse_id) from V2_P_WAREHOUSE where DEALER_CODE = 'NKP001A'), 
	to_date('01/12/2008','dd/mm/yyyy'), 1, 0, 'VO-NKP001A-01-12-2008', 'N', 'HOA-0001');

insert into VDMS.V2_P_ORDER_DETAIL (ORDER_HEADER_ID,LINE_NUMBER,PART_CODE,ORDER_QUANTITY,QUOTATION_QUANTITY,
		UNITE_PRICE,MODIFY_FLAG)
values ((select max(ORDER_HEADER_ID) from V2_P_ORDER_HEADER), 1, 'A23-25-0082', 4, 4, 14000, 'N');		
		
insert into VDMS.V2_P_ORDER_DETAIL (ORDER_HEADER_ID,LINE_NUMBER,PART_CODE,ORDER_QUANTITY,QUOTATION_QUANTITY,
		UNITE_PRICE,MODIFY_FLAG)
values ((select max(ORDER_HEADER_ID) from V2_P_ORDER_HEADER), 1, 'A23-25-0053', 7, 6, 14000, 'N');		
		
insert into VDMS.V2_P_ORDER_DETAIL (ORDER_HEADER_ID,LINE_NUMBER,PART_CODE,ORDER_QUANTITY,QUOTATION_QUANTITY,
		UNITE_PRICE,MODIFY_FLAG)
values ((select max(ORDER_HEADER_ID) from V2_P_ORDER_HEADER), 1, 'A23-25-0024', 9, 7, 14000, 'N');		
		
insert into VDMS.V2_P_ORDER_DETAIL (ORDER_HEADER_ID,LINE_NUMBER,PART_CODE,ORDER_QUANTITY,QUOTATION_QUANTITY,
		UNITE_PRICE,MODIFY_FLAG)
values ((select max(ORDER_HEADER_ID) from V2_P_ORDER_HEADER), 1, 'A23-25-0023', 12, 11, 14000, 'N');		
-- receive
insert into VDMS.V2_P_RECEIVE_HEADER (ORDER_HEADER_ID,DEALER_CODE,RECEIVE_DATE,
	LAST_VERSION,IS_LOCKED,IS_AUTOMATIC,HAS_UNDO)
values ((select max(ORDER_HEADER_ID) from V2_P_ORDER_HEADER),'NKP001A',to_date('01/02/2009','dd/mm/yyyy'), 
	 1, 0, 1, 0);
	 
insert into VDMS.V2_P_RECEIVE_DETAIL (ORDER_HEADER_ID,RECEIVE_HEADER_ID,REVISION_NUMBER,PART_CODE,QUOTATION,
		GOOD_QUANTITY,WRONG_QUANTITY,BROKEN_QUANTITY,LACK_QUANTITY)
values ((select max(ORDER_HEADER_ID) from V2_P_ORDER_HEADER),(select max(RECEIVE_HEADER_ID) from V2_P_RECEIVE_HEADER),1,
		'A23-25-0082',4,4,0,0,0);		
insert into VDMS.V2_P_RECEIVE_DETAIL (ORDER_HEADER_ID,RECEIVE_HEADER_ID,REVISION_NUMBER,PART_CODE,QUOTATION,
		GOOD_QUANTITY,WRONG_QUANTITY,BROKEN_QUANTITY,LACK_QUANTITY)
values ((select max(ORDER_HEADER_ID) from V2_P_ORDER_HEADER),(select max(RECEIVE_HEADER_ID) from V2_P_RECEIVE_HEADER),1,
	'A23-25-0053',6,3,01,01,01);		
insert into VDMS.V2_P_RECEIVE_DETAIL (ORDER_HEADER_ID,RECEIVE_HEADER_ID,REVISION_NUMBER,PART_CODE,QUOTATION,
		GOOD_QUANTITY,WRONG_QUANTITY,BROKEN_QUANTITY,LACK_QUANTITY)
values ((select max(ORDER_HEADER_ID) from V2_P_ORDER_HEADER),(select max(RECEIVE_HEADER_ID) from V2_P_RECEIVE_HEADER),1,
	'A23-25-0024',7,4,20,01,01);		
insert into VDMS.V2_P_RECEIVE_DETAIL (ORDER_HEADER_ID,RECEIVE_HEADER_ID,REVISION_NUMBER,PART_CODE,QUOTATION,
		GOOD_QUANTITY,WRONG_QUANTITY,BROKEN_QUANTITY,LACK_QUANTITY)
values ((select max(ORDER_HEADER_ID) from V2_P_ORDER_HEADER),(select max(RECEIVE_HEADER_ID) from V2_P_RECEIVE_HEADER),1,
	'A23-25-0023',11,6,30,02,0);		
		
		---------------------------------------
insert into VDMS.V2_P_ORDER_HEADER (ORDER_TYPE,ORDER_SOURCE,DEALER_CODE,TO_DEALER,
	TO_LOCATION,ORDER_DATE,CAN_UNDO_AUTO_RECEIVE,CHANGE_REMARK,VDMS_NUMBER,STATUS, TIP_TOP_NUMBER)
values ('N','V','NKP001A','NKP001A', (select max(warehouse_id) from V2_P_WAREHOUSE where DEALER_CODE = 'NKP001A'), 
	to_date('01/12/2008','dd/mm/yyyy'), 1, 0, 'VO-NKP001A-01-12-2008', 'N', 'HOA-0002');

insert into VDMS.V2_P_ORDER_DETAIL (ORDER_HEADER_ID,LINE_NUMBER,PART_CODE,ORDER_QUANTITY,QUOTATION_QUANTITY,
		UNITE_PRICE,MODIFY_FLAG)
values ((select max(ORDER_HEADER_ID) from V2_P_ORDER_HEADER), 1, 'A23-25-0082', 4, 0, 14000, 'N');		
		
insert into VDMS.V2_P_ORDER_DETAIL (ORDER_HEADER_ID,LINE_NUMBER,PART_CODE,ORDER_QUANTITY,QUOTATION_QUANTITY,
		UNITE_PRICE,MODIFY_FLAG)
values ((select max(ORDER_HEADER_ID) from V2_P_ORDER_HEADER), 1, 'A23-25-0053', 4, 0, 14000, 'N');		
		
insert into VDMS.V2_P_ORDER_DETAIL (ORDER_HEADER_ID,LINE_NUMBER,PART_CODE,ORDER_QUANTITY,QUOTATION_QUANTITY,
		UNITE_PRICE,MODIFY_FLAG)
values ((select max(ORDER_HEADER_ID) from V2_P_ORDER_HEADER), 1, 'A23-25-0024', 4, 0, 14000, 'N');		
		
insert into VDMS.V2_P_ORDER_DETAIL (ORDER_HEADER_ID,LINE_NUMBER,PART_CODE,ORDER_QUANTITY,QUOTATION_QUANTITY,
		UNITE_PRICE,MODIFY_FLAG)
values ((select max(ORDER_HEADER_ID) from V2_P_ORDER_HEADER), 1, 'A23-25-0023', 4, 0, 14000, 'N');		
		
-- receive
insert into VDMS.V2_P_RECEIVE_HEADER (ORDER_HEADER_ID,DEALER_CODE,RECEIVE_DATE,
	LAST_VERSION,IS_LOCKED,IS_AUTOMATIC,HAS_UNDO)
values ((select max(ORDER_HEADER_ID) from V2_P_ORDER_HEADER),'NKP001A',to_date('03/02/2009','dd/mm/yyyy'), 
	 1, 0, 1, 0);
	 
insert into VDMS.V2_P_RECEIVE_DETAIL (ORDER_HEADER_ID,RECEIVE_HEADER_ID,REVISION_NUMBER,PART_CODE,QUOTATION,
		GOOD_QUANTITY,WRONG_QUANTITY,BROKEN_QUANTITY,LACK_QUANTITY)
values ((select max(ORDER_HEADER_ID) from V2_P_ORDER_HEADER),(select max(RECEIVE_HEADER_ID) from V2_P_RECEIVE_HEADER),1,
		'A23-25-0082',4,4,0,0,0);		
insert into VDMS.V2_P_RECEIVE_DETAIL (ORDER_HEADER_ID,RECEIVE_HEADER_ID,REVISION_NUMBER,PART_CODE,QUOTATION,
		GOOD_QUANTITY,WRONG_QUANTITY,BROKEN_QUANTITY,LACK_QUANTITY)
values ((select max(ORDER_HEADER_ID) from V2_P_ORDER_HEADER),(select max(RECEIVE_HEADER_ID) from V2_P_RECEIVE_HEADER),1,
	'A23-25-0053',6,3,01,01,01);		
insert into VDMS.V2_P_RECEIVE_DETAIL (ORDER_HEADER_ID,RECEIVE_HEADER_ID,REVISION_NUMBER,PART_CODE,QUOTATION,
		GOOD_QUANTITY,WRONG_QUANTITY,BROKEN_QUANTITY,LACK_QUANTITY)
values ((select max(ORDER_HEADER_ID) from V2_P_ORDER_HEADER),(select max(RECEIVE_HEADER_ID) from V2_P_RECEIVE_HEADER),1,
	'A23-25-0024',7,4,20,01,01);		
insert into VDMS.V2_P_RECEIVE_DETAIL (ORDER_HEADER_ID,RECEIVE_HEADER_ID,REVISION_NUMBER,PART_CODE,QUOTATION,
		GOOD_QUANTITY,WRONG_QUANTITY,BROKEN_QUANTITY,LACK_QUANTITY)
values ((select max(ORDER_HEADER_ID) from V2_P_ORDER_HEADER),(select max(RECEIVE_HEADER_ID) from V2_P_RECEIVE_HEADER),1,
	'A23-25-0023',11,6,30,02,0);		
	